Type,Entropy
NonObf,17.484428805059583
NonObf,18.442827755494854
Shikata,17.679959298532772
Shikata,19.098910293500342
XOR,17.679087943656036
XOR,19.07454406577701
